fq,pc,prec,recall,f1_score,dimensions,count,pearson,rssi_base,time

simulazione_1

range 50
1, 1, 0.9993849938499385, 0.9963212752912324, 0.9978507829290758, True,     False, False, False, True
1, 1, 0.9929846938775511, 0.9599260172626387, 0.9761755485893417, True,     False, False, True, False
1, 1, 0.9993597951344431, 0.9570815450643777, 0.9777638584403383, True,     False, False, True, True
1, 1, 0.9704069050554871, 0.989937106918239, 0.9800747198007472, True,     False, True, False, False
1, 1, 0.9993846153846154, 0.9957081545064378, 0.9975429975429976, True,     False, True, False, True
1, 1, 0.996790757381258, 0.9539312039312039, 0.9748901443816698, True,     False, True, True, False
1, 1, 0.928, 0.9729032258064516, 0.9499212598425196, True,     True, False, False, False
1, 1, 0.9993827160493827, 0.9926425505824648, 0.996001230390649, True,     True, False, False, True
1, 1, 0.9961587708066582, 0.9557739557739557, 0.9755485893416928, True,     True, False, True, False
1, 1, 0.9944375772558715, 0.9907635467980296, 0.9925971622455275, True,     True, True, False, False
1, 2, 0.9992313604919293, 0.9961685823754789, 0.9976976208749041, True,     False, False, False, True
1, 2, 0.988673139158576, 0.9443585780525502, 0.9660079051383399, True,     False, False, True, False
1, 2, 0.9991889699918897, 0.9440613026819923, 0.9708431836091409, True,     False, False, True, True
1, 2, 0.9815668202764977, 0.9945525291828794, 0.9880170081175106, True,     False, True, False, False
1, 2, 0.9992307692307693, 0.9954022988505747, 0.9973128598848369, True,     False, True, False, True
1, 2, 0.997564935064935, 0.9424846625766872, 0.969242902208202, True,     False, True, True, False
1, 2, 0.9192307692307692, 0.9747145187601958, 0.9461599366587491, True,     True, False, False, False
1, 2, 0.9992289899768697, 0.993103448275862, 0.9961568024596464, True,     True, False, False, True
1, 2, 0.9935064935064936, 0.9422632794457275, 0.9672066376926117, True,     True, False, True, False
1, 2, 0.9922958397534669, 0.99153194765204, 0.9919137466307278, True,     True, True, False, False
1, 3, 0.99375, 0.9799691833590138, 0.9868114817688131, True,     False, False, False, True
1, 3, 0.9866771159874608, 0.975968992248062, 0.9812938425565082, True,     False, False, True, False
1, 3, 0.9968203497615262, 0.9638739431206764, 0.9800703399765534, True,     False, False, True, True
1, 3, 0.9761721752498078, 0.9921875, 0.9841146842309182, True,     False, True, False, False
1, 3, 0.9968652037617555, 0.9777094542659492, 0.9871944121071012, True,     False, True, False, True
1, 3, 0.9921445404556166, 0.9752895752895753, 0.983644859813084, True,     False, True, True, False
1, 3, 0.8365310821181888, 0.9536307961504812, 0.8912510220768601, True,     True, False, False, False
1, 3, 0.9945184025058731, 0.9776751347190146, 0.9860248447204969, True,     True, False, False, True
1, 3, 0.9913522012578616, 0.9737451737451738, 0.9824698091156993, True,     True, False, True, False
1, 3, 0.989938080495356, 0.9891724671307038, 0.9895551257253384, True,     True, True, False, False
1, 4, 0.9971530249110321, 0.9985744832501782, 0.9978632478632479, True,     False, False, False, True
1, 4, 0.9881217520415738, 0.955491744436468, 0.9715328467153285, True,     False, False, True, False
1, 4, 0.997779422649889, 0.9607982893799002, 0.9789397240377632, True,     False, False, True, True
1, 4, 0.9807142857142858, 0.9906204906204906, 0.9856424982053122, True,     False, True, False, False
1, 4, 0.9978632478632479, 0.9985744832501782, 0.9982187388671179, True,     False, True, False, True
1, 4, 0.9940476190476191, 0.9549678341672623, 0.974115931461903, True,     False, True, True, False
1, 4, 0.8880969351389879, 0.9711613406079501, 0.9277736411020104, True,     True, False, False, False
1, 4, 0.9971469329529244, 0.9964362081254454, 0.9967914438502673, True,     True, False, False, True
1, 4, 0.9925650557620818, 0.9556191839656406, 0.9737417943107219, True,     True, False, True, False
1, 4, 0.9921146953405018, 0.9921146953405018, 0.9921146953405018, True,     True, True, False, False
1, 5, 0.989010989010989, 1.0, 0.994475138121547, True,     False, False, False, True
1, 5, 0.9846153846153847, 0.7111111111111111, 0.8258064516129032, True,     False, False, True, False
1, 5, 0.9848484848484849, 0.7222222222222222, 0.8333333333333333, True,     False, False, True, True
1, 5, 0.967032967032967, 0.9887640449438202, 0.9777777777777779, True,     False, True, False, False
1, 5, 0.989010989010989, 1.0, 0.994475138121547, True,     False, True, False, True
1, 5, 0.9696969696969697, 0.7111111111111111, 0.8205128205128205, True,     False, True, True, False
1, 5, 0.43410852713178294, 0.7887323943661971, 0.5599999999999999, True,     True, False, False, False
1, 5, 0.9886363636363636, 0.9666666666666667, 0.9775280898876404, True,     True, False, False, True
1, 5, 0.9696969696969697, 0.7111111111111111, 0.8205128205128205, True,     True, False, True, False
1, 5, 0.9659090909090909, 0.9444444444444444, 0.9550561797752809, True,     True, True, False, False

10, 1, 0.9980707395498393, 0.9598021026592455, 0.978562421185372, True,     False, False, False, True
10, 1, 0.9955640050697085, 0.9733581164807931, 0.9843358395989975, True,     False, False, True, False
10, 1, 1.0, 0.95, 0.9743589743589743, True,     False, False, True, True
10, 1, 0.957632398753894, 0.9858883899935856, 0.9715549936788874, True,     False, True, False, False
10, 1, 0.9986962190352021, 0.9468479604449939, 0.9720812182741118, True,     False, True, False, True
10, 1, 0.9929846938775511, 0.9676817899316346, 0.9801699716713881, True,     False, True, True, False
10, 1, 0.8409378960709759, 0.9215277777777777, 0.8793903247183565, True,     True, False, False, False
10, 1, 0.9986291980808774, 0.9004944375772559, 0.9470263243418916, True,     True, False, False, True
10, 1, 0.9898236092265943, 0.9079029247044181, 0.9470950989938332, True,     True, False, True, False
10, 1, 0.9884510869565217, 0.9071072319201995, 0.9460338101430428, True,     True, True, False, False
10, 2, 0.9966887417218543, 0.9297297297297298, 0.9620455453455853, True,     False, False, False, True
10, 2, 0.995253164556962, 0.9729311678267595, 0.9839655846695347, True,     False, False, True, False
10, 2, 1.0, 0.9207082371054658, 0.9587174348697395, True,     False, False, True, True
10, 2, 0.9487975174553918, 0.9839098954143202, 0.9660347551342812, True,     False, True, False, False
10, 2, 1.0, 0.9183987682832948, 0.9574638844301765, True,     False, True, False, True
10, 2, 0.9936254980079682, 0.9659178931061193, 0.9795758051846033, True,     False, True, True, False
10, 2, 0.821656050955414, 0.9036777583187391, 0.8607172643869891, True,     True, False, False, False
10, 2, 0.998220640569395, 0.8650732459521974, 0.9268897149938042, True,     True, False, False, True
10, 2, 0.9880341880341881, 0.8989113530326595, 0.9413680781758959, True,     True, False, True, False
10, 2, 0.9795221843003413, 0.8961748633879781, 0.9359967386873217, True,     True, True, False, False
10, 3, 0.9945736434108527, 0.9539033457249071, 0.9738140417457306, True,     False, False, False, True
10, 3, 0.9984917043740573, 0.9800148038490007, 0.9891669779604034, True,     False, False, True, False
10, 3, 1.0, 0.9460059171597633, 0.9722538958570887, True,     False, False, True, True
10, 3, 0.9590469099032017, 0.9854628921193573, 0.9720754716981133, True,     False, True, False, False
10, 3, 1.0, 0.9452662721893491, 0.9718631178707224, True,     False, True, False, True
10, 3, 1.0, 0.9785502958579881, 0.9891588785046729, True,     False, True, True, False
10, 3, 0.7498144023756496, 0.9132007233273056, 0.8234814512841417, True,     True, False, False, False
10, 3, 1.0, 0.886094674556213, 0.9396078431372549, True,     True, False, False, True
10, 3, 0.9926888708367181, 0.9092261904761905, 0.9491262135922329, True,     True, False, True, False
10, 3, 0.9893704006541292, 0.9029850746268657, 0.9442060085836911, True,     True, True, False, False
10, 4, 0.9985422740524781, 0.9553695955369595, 0.9764789736279401, True,     False, False, False, True
10, 4, 0.9964336661911555, 0.976240391334731, 0.986233674549947, True,     False, False, True, False
10, 4, 1.0, 0.9498257839721255, 0.9742673338098642, True,     False, False, True, True
10, 4, 0.9746300211416491, 0.9850427350427351, 0.9798087141339, True,     False, True, False, False
10, 4, 1.0, 0.9505226480836237, 0.9746337977849232, True,     False, True, False, True
10, 4, 0.995702005730659, 0.9727081875437369, 0.9840707964601769, True,     False, True, True, False
10, 4, 0.8445408532176428, 0.9139280125195618, 0.8778654641112362, True,     True, False, False, False
10, 4, 0.9984472049689441, 0.8967921896792189, 0.9448934606906686, True,     True, False, False, True
10, 4, 0.9870525514089871, 0.9094736842105263, 0.9466764061358656, True,     True, False, True, False
10, 4, 0.9855182926829268, 0.9112050739957717, 0.9469058952764555, True,     True, True, False, False
10, 5, 1.0, 0.9052631578947369, 0.9502762430939227, True,     False, False, False, True
10, 5, 0.9761904761904762, 0.8631578947368421, 0.9162011173184357, True,     False, False, True, False
10, 5, 1.0, 0.8210526315789474, 0.9017341040462429, True,     False, False, True, True
10, 5, 0.9175257731958762, 0.978021978021978, 0.9468085106382979, True,     False, True, False, False
10, 5, 1.0, 0.8947368421052632, 0.9444444444444444, True,     False, True, False, True
10, 5, 1.0, 0.8631578947368421, 0.9265536723163842, True,     False, True, True, False
10, 5, 0.3897058823529412, 0.803030303030303, 0.5247524752475248, True,     True, False, False, False
10, 5, 1.0, 0.7473684210526316, 0.8554216867469879, True,     True, False, False, True
10, 5, 0.9857142857142858, 0.7263157894736842, 0.8363636363636364, True,     True, False, True, False
10, 5, 0.9726027397260274, 0.7553191489361702, 0.8502994011976047, True,     True, True, False, False


range 100
1, 1, 0.9983410749834107, 0.991106719367589, 0.9947107438016528, True,     False, False, False, True
1, 1, 0.9942818701648167, 0.9775132275132276, 0.9858262464565617, True,     False, False, True, False
1, 1, 0.9996631862579993, 0.9766370516617309, 0.9880159786950732, True,     False, False, True, True
1, 1, 0.9828552588196505, 0.9930046635576283, 0.987903893951947, True,     False, True, False, False
1, 1, 0.9996668887408394, 0.98749588680487, 0.993544115212713, True,     False, True, False, True
1, 1, 0.9983159312899966, 0.9762845849802372, 0.9871773522064946, True,     False, True, True, False
1, 1, 0.930852815278235, 0.9771863117870723, 0.9534569983136595, True,     True, False, False, False
1, 1, 0.9989966555183947, 0.983536384590056, 0.9912062385929982, True,     True, False, False, True
1, 1, 0.9949460916442049, 0.9755533531549389, 0.9851542952460384, True,     True, False, True, False
1, 1, 0.9926837379447955, 0.9871031746031746, 0.989885591112585, True,     True, True, False, False
1, 2, 0.9987623762376238, 0.992619926199262, 0.9956816779765577, True,     False, False, False, True
1, 2, 0.9941471571906354, 0.9786008230452675, 0.9863127333056823, True,     False, False, True, False
1, 2, 0.9991642290012537, 0.9799180327868853, 0.989447548106766, True,     False, False, True, True
1, 2, 0.9827868852459016, 0.9950207468879668, 0.9888659793814434, True,     False, True, False, False
1, 2, 1.0, 0.9897624897624898, 0.9948549084173698, True,     False, True, False, True
1, 2, 0.9979088247595148, 0.979072630283135, 0.9884009942004971, True,     False, True, True, False
1, 2, 0.928219852337982, 0.9712446351931331, 0.9492449664429531, True,     True, False, False, False
1, 2, 0.9987546699875467, 0.986469864698647, 0.9925742574257425, True,     True, False, False, True
1, 2, 0.9962295768747381, 0.9765913757700205, 0.9863127333056823, True,     True, False, True, False
1, 2, 0.9937913907284768, 0.9880658436213992, 0.9909203466776723, True,     True, True, False, False
1, 3, 0.995575221238938, 0.9761388286334056, 0.9857612267250823, True,     False, False, False, True
1, 3, 0.9916703200350724, 0.985191637630662, 0.9884203626829802, True,     False, False, True, False
1, 3, 0.9991091314031181, 0.9697362732382188, 0.9842035980693287, True,     False, False, True, True
1, 3, 0.9748482220294883, 0.9916188795765328, 0.9831620380494205, True,     False, True, False, False
1, 3, 0.9982293050022134, 0.975768065772393, 0.9868708971553611, True,     False, True, False, True
1, 3, 0.9951690821256038, 0.9835069444444444, 0.9893036454922506, True,     False, True, True, False
1, 3, 0.8467846353042727, 0.9556746225036532, 0.8979405034324942, True,     True, False, False, False
1, 3, 0.9951197870452528, 0.9735243055555556, 0.9842035980693287, True,     True, False, False, True
1, 3, 0.9934152765583846, 0.9839130434782609, 0.9886413280908695, True,     True, False, True, False
1, 3, 0.9881889763779528, 0.9856020942408377, 0.9868938401048493, True,     True, True, False, False
1, 4, 0.9962264150943396, 0.9898762654668166, 0.9930411886402106, True,     False, False, False, True
1, 4, 0.9935238095238095, 0.9800826756858324, 0.9867574725690502, True,     False, False, True, False
1, 4, 0.9984732824427481, 0.9790419161676647, 0.9886621315192743, True,     False, False, True, True
1, 4, 0.9838770153730784, 0.9939393939393939, 0.9888826078763897, True,     False, True, False, False
1, 4, 0.9988666414809217, 0.9891507669285448, 0.9939849624060151, True,     False, True, False, True
1, 4, 0.9973292636398321, 0.9790262172284644, 0.988092988092988, True,     False, True, True, False
1, 4, 0.9279043705640643, 0.9748822605965463, 0.9508133971291867, True,     True, False, False, False
1, 4, 0.9969685486926866, 0.9861319340329835, 0.99152063312606, True,     True, False, False, True
1, 4, 0.994279176201373, 0.9793388429752066, 0.9867524602573807, True,     True, False, True, False
1, 4, 0.9916918429003021, 0.9879608728367193, 0.9898228420655861, True,     True, True, False, False
1, 5, 0.9915966386554622, 0.9752066115702479, 0.9833333333333334, True,     False, False, False, True
1, 5, 0.9895833333333334, 0.7851239669421488, 0.8755760368663597, True,     False, False, True, False
1, 5, 1.0, 0.7786885245901639, 0.8755760368663594, True,     False, False, True, True
1, 5, 0.9421487603305785, 0.957983193277311, 0.95, True,     False, True, False, False
1, 5, 1.0, 0.9672131147540983, 0.9833333333333333, True,     False, True, False, True
1, 5, 1.0, 0.7868852459016393, 0.8807339449541284, True,     False, True, True, False
1, 5, 0.5527950310559007, 0.8165137614678899, 0.6592592592592593, True,     True, False, False, False
1, 5, 0.991304347826087, 0.9421487603305785, 0.9661016949152543, True,     True, False, False, True
1, 5, 1.0, 0.7704918032786885, 0.8703703703703703, True,     True, False, True, False
1, 5, 0.9739130434782609, 0.9256198347107438, 0.9491525423728814, True,     True, True, False, False

10, 1, 0.993361285814116, 0.9640556120718887, 0.9784890724488039, True,     False, False, False, True
10, 1, 0.993060374739764, 0.970498474059003, 0.9816498027782541, True,     False, False, True, False
10, 1, 0.9996467679265277, 0.9541469993256911, 0.9763670864240125, True,     False, False, True, True
10, 1, 0.9621676891615542, 0.9836236933797909, 0.9727773949000689, True,     False, True, False, False
10, 1, 0.9992915338292596, 0.951433389544688, 0.974775397373877, True,     False, True, False, True
10, 1, 0.9943997199859993, 0.9620724686759228, 0.9779690189328744, True,     False, True, True, False
10, 1, 0.914004914004914, 0.9326647564469914, 0.9232405601843645, True,     True, False, False, False
10, 1, 0.9992603550295858, 0.9112984822934233, 0.9532545422473099, True,     True, False, False, True
10, 1, 0.9901889534883721, 0.9256114130434783, 0.956811797752809, True,     True, False, True, False
10, 1, 0.9905385735080058, 0.9239646978954514, 0.9560941341763259, True,     True, True, False, False
10, 2, 0.9914912673533364, 0.9377382465057179, 0.9638659120592077, True,     False, False, False, True
10, 2, 0.9934754240974336, 0.964527027027027, 0.9787872294836083, True,     False, False, True, False
10, 2, 1.0, 0.9272803699033207, 0.96226826608506, True,     False, False, True, True
10, 2, 0.9506172839506173, 0.9798157086441421, 0.9649956784788245, True,     False, True, False, False
10, 2, 0.9986345015930814, 0.923012200252419, 0.9593353738522082, True,     False, True, False, True
10, 2, 0.9929824561403509, 0.9576988155668359, 0.975021533161068, True,     False, True, True, False
10, 2, 0.9008410801239487, 0.9154295996401259, 0.9080767514502455, True,     True, False, False, False
10, 2, 0.9995238095238095, 0.8826745164003365, 0.9374720857525681, True,     True, False, False, True
10, 2, 0.9908045977011494, 0.9123624047417442, 0.9499669385056203, True,     True, False, True, False
10, 2, 0.9866174434702354, 0.9078556263269639, 0.9455992923485185, True,     True, True, False, False
10, 3, 0.9906832298136646, 0.9441860465116279, 0.9668759471747131, True,     False, False, False, True
10, 3, 0.9899825783972126, 0.9627276577721304, 0.9761649130341422, True,     False, False, True, False
10, 3, 1.0, 0.9337248322147651, 0.9657266811279827, True,     False, False, True, True
10, 3, 0.9352243861134631, 0.9809058614564832, 0.9575205895101865, True,     False, True, False, False
10, 3, 0.9982054733064154, 0.9348739495798319, 0.9655022781514427, True,     False, True, False, True
10, 3, 0.9969203695556533, 0.9525010508617066, 0.9742046431642304, True,     False, True, True, False
10, 3, 0.8383751080380294, 0.9282296650717703, 0.8810172570390553, True,     True, False, False, False
10, 3, 0.9952629085741355, 0.8850042122999158, 0.9369007803790412, True,     True, False, False, True
10, 3, 0.9848831882730188, 0.9141156462585034, 0.9481808158765159, True,     True, False, True, False
10, 3, 0.9754515979620194, 0.901541095890411, 0.9370411568409344, True,     True, True, False, False
10, 4, 0.9991902834008097, 0.9514263685427911, 0.9747235387045814, True,     False, False, False, True
10, 4, 0.9924692826000793, 0.9701666020922123, 0.9811912225705329, True,     False, False, True, False
10, 4, 1.0, 0.948382126348228, 0.9735073151443259, True,     False, False, True, True
10, 4, 0.9508196721311475, 0.9787063077541182, 0.9645614729756483, True,     False, True, False, False
10, 4, 1.0, 0.9445300462249615, 0.971473851030111, True,     False, True, False, True
10, 4, 0.9932297889287136, 0.9670414889492052, 0.9799607072691552, True,     False, True, True, False
10, 4, 0.9125748502994012, 0.932300163132137, 0.922332055678838, True,     True, False, False, False
10, 4, 1.0, 0.9087057010785824, 0.9521695257315842, True,     True, False, False, True
10, 4, 0.989282769991756, 0.9320388349514563, 0.9598080383923215, True,     True, False, True, False
10, 4, 0.985031185031185, 0.9239469578783152, 0.953511772992554, True,     True, True, False, False
10, 5, 1.0, 0.8699186991869918, 0.9304347826086956, True,     False, False, False, True
10, 5, 1.0, 0.8617886178861789, 0.925764192139738, True,     False, False, True, False
10, 5, 1.0, 0.8292682926829268, 0.9066666666666667, True,     False, False, True, True
10, 5, 0.888, 0.9568965517241379, 0.9211618257261411, True,     False, True, False, False
10, 5, 1.0, 0.8536585365853658, 0.9210526315789475, True,     False, True, False, True
10, 5, 1.0, 0.8617886178861789, 0.925764192139738, True,     False, True, True, False
10, 5, 0.5324675324675324, 0.780952380952381, 0.6332046332046332, True,     True, False, False, False
10, 5, 1.0, 0.7642276422764228, 0.8663594470046084, True,     True, False, False, True
10, 5, 1.0, 0.7479674796747967, 0.855813953488372, True,     True, False, True, False
10, 5, 1.0, 0.7642276422764228, 0.8663594470046084, True,     True, True, False, False



simulazione_2

raggio 50
1, 1, 0.9956772334293948, 0.9801418439716312, 0.9878484631879915, True,     False, False, False, True
1, 1, 0.9873228933631618, 0.9457142857142857, 0.9660707770886536, True,     False, False, True, False
1, 1, 1.0, 0.9300847457627118, 0.9637760702524697, True,     False, False, True, True
1, 1, 0.9921708185053381, 0.9914651493598862, 0.991817858413376, True,     False, True, False, False
1, 1, 0.9992795389048992, 0.9802120141342756, 0.9896539422047806, True,     False, True, False, True
1, 1, 0.9992498124531133, 0.9413427561837456, 0.9694323144104803, True,     False, True, True, False
1, 1, 0.9064539521392313, 0.9534706331045004, 0.929368029739777, True,     True, False, False, False
1, 1, 0.9956647398843931, 0.9773049645390071, 0.9863994273443093, True,     True, False, False, True
1, 1, 0.98572501878287, 0.9378127233738385, 0.9611721611721611, True,     True, False, True, False
1, 1, 0.9914163090128756, 0.9871794871794872, 0.9892933618843683, True,     True, True, False, False
1, 2, 0.9956483899042646, 0.9879101899827288, 0.9917641959254443, True,     False, False, False, True
1, 2, 0.9842883548983364, 0.9277003484320557, 0.9551569506726457, True,     False, False, True, False
1, 2, 0.9981412639405205, 0.9250645994832042, 0.9602145730889584, True,     False, False, True, True
1, 2, 0.975736568457539, 0.9911971830985915, 0.9834061135371179, True,     False, True, False, False
1, 2, 0.9991266375545852, 0.9845094664371773, 0.9917641959254443, True,     False, True, False, True
1, 2, 0.9962790697674418, 0.9240724762726489, 0.9588182632050135, True,     False, True, True, False
1, 2, 0.8909410729991205, 0.9485018726591761, 0.9188208616780046, True,     True, False, False, False
1, 2, 0.9973799126637555, 0.9844827586206897, 0.990889370932755, True,     True, False, False, True
1, 2, 0.9869888475836431, 0.9234782608695652, 0.9541778975741241, True,     True, False, True, False
1, 2, 0.989492119089317, 0.9817549956559514, 0.9856083733100742, True,     True, True, False, False
1, 3, 0.991864406779661, 0.9656765676567657, 0.9785953177257525, True,     False, False, False, True
1, 3, 0.9926174496644296, 0.974308300395257, 0.9833776595744681, True,     False, False, True, False
1, 3, 0.9979353062629044, 0.9520682862770847, 0.9744623655913978, True,     False, False, True, True
1, 3, 0.9895081967213115, 0.9973562458691342, 0.9934167215273205, True,     False, True, False, False
1, 3, 0.9979605710401088, 0.963887065003283, 0.9806279225116901, True,     False, True, False, True
1, 3, 0.9986577181208054, 0.9763779527559056, 0.9873921698739218, True,     False, True, True, False
1, 3, 0.8292358803986711, 0.9433106575963719, 0.8826025459688827, True,     True, False, False, False
1, 3, 0.9952477936184657, 0.9644736842105263, 0.9796191112596058, True,     True, False, False, True
1, 3, 0.9946236559139785, 0.9743252139565504, 0.984369803791154, True,     True, False, True, False
1, 3, 0.9953764861294584, 0.9921000658327848, 0.9937355753379493, True,     True, True, False, False
1, 4, 0.9967558799675588, 0.982414068745004, 0.9895330112721417, True,     False, False, False, True
1, 4, 0.9881255301102629, 0.9387590652699436, 0.9628099173553719, True,     False, False, True, False
1, 4, 1.0, 0.9338118022328549, 0.9657731958762887, True,     False, False, True, True
1, 4, 0.9863453815261044, 0.9919224555735057, 0.9891260571888844, True,     False, True, False, False
1, 4, 0.9991909385113269, 0.985634477254589, 0.9923664122137406, True,     False, True, False, True
1, 4, 0.9974424552429667, 0.9345047923322684, 0.9649484536082474, True,     False, True, True, False
1, 4, 0.8446601941747572, 0.943089430894309, 0.8911651728553137, True,     True, False, False, False
1, 4, 0.9983739837398374, 0.9800478850758181, 0.9891260571888846, True,     True, False, False, True
1, 4, 0.9923076923076923, 0.9317817014446228, 0.9610927152317881, True,     True, False, True, False
1, 4, 0.9943548387096774, 0.9879807692307693, 0.9911575562700964, True,     True, True, False, False
1, 5, 1.0, 0.9669421487603306, 0.9831932773109243, True,     False, False, False, True
1, 5, 0.9574468085106383, 0.7563025210084033, 0.8450704225352111, True,     False, False, True, False
1, 5, 1.0, 0.7520661157024794, 0.8584905660377359, True,     False, False, True, True
1, 5, 0.9833333333333333, 0.9915966386554622, 0.9874476987447698, True,     False, True, False, False
1, 5, 1.0, 0.9669421487603306, 0.9831932773109243, True,     False, True, False, True
1, 5, 1.0, 0.743801652892562, 0.8530805687203791, True,     False, True, True, False
1, 5, 0.45454545454545453, 0.7926829268292683, 0.5777777777777777, True,     True, False, False, False
1, 5, 1.0, 0.9586776859504132, 0.9789029535864979, True,     True, False, False, True
1, 5, 1.0, 0.7355371900826446, 0.8476190476190476, True,     True, False, True, False
1, 5, 0.9914529914529915, 0.9666666666666667, 0.9789029535864978, True,     True, True, False, False

10, 1, 0.988905325443787, 0.9611790079079798, 0.974845060153117, True,     False, False, False, True
10, 1, 0.9926308032424466, 0.966284074605452, 0.97928026172301, True,     False, False, True, False
10, 1, 1.0, 0.9429793300071276, 0.9706529713866471, True,     False, False, True, True
10, 1, 0.9548063127690101, 0.9851961509992598, 0.9697632058287797, True,     False, True, False, False
10, 1, 1.0, 0.9536707056307911, 0.9762860269974462, True,     False, True, False, True
10, 1, 0.9948263118994827, 0.9641833810888252, 0.9792651873408512, True,     False, True, True, False
10, 1, 0.8158682634730539, 0.902317880794702, 0.8569182389937107, True,     True, False, False, False
10, 1, 0.9984164687252574, 0.8994293865905849, 0.9463414634146341, True,     True, False, False, True
10, 1, 0.9875195007800313, 0.9107913669064748, 0.9476047904191617, True,     True, False, True, False
10, 1, 0.989763779527559, 0.9043165467625899, 0.9451127819548871, True,     True, True, False, False
10, 2, 0.9963235294117647, 0.9401561144839549, 0.9674252565818829, True,     False, False, False, True
10, 2, 0.9945945945945946, 0.9583333333333334, 0.9761273209549071, True,     False, False, True, False
10, 2, 1.0, 0.9213483146067416, 0.9590643274853802, True,     False, False, True, True
10, 2, 0.9546247818499127, 0.9838129496402878, 0.9689991142604075, True,     False, True, False, False
10, 2, 0.9990749306197965, 0.9342560553633218, 0.9655789003129192, True,     False, True, False, True
10, 2, 0.9972972972972973, 0.9592720970537262, 0.9779151943462898, True,     False, True, True, False
10, 2, 0.7805983680870353, 0.8913043478260869, 0.8322861285645239, True,     True, False, False, False
10, 2, 0.999009900990099, 0.8728373702422145, 0.9316712834718375, True,     True, False, False, True
10, 2, 0.9902629016553067, 0.8866608544027899, 0.9356025758969642, True,     True, False, True, False
10, 2, 0.9864472410454985, 0.8915135608048994, 0.9365808823529412, True,     True, True, False, False
10, 3, 0.9909208819714657, 0.958594730238394, 0.9744897959183674, True,     False, False, False, True
10, 3, 0.9968274111675127, 0.9800374298190893, 0.9883611198490091, True,     False, False, True, False
10, 3, 1.0, 0.9489732420659615, 0.9738186462324393, True,     False, False, True, True
10, 3, 0.967984934086629, 0.9865642994241842, 0.9771863117870723, True,     False, True, False, False
10, 3, 0.999346832135859, 0.9526774595267746, 0.9754542556582723, True,     False, True, False, True
10, 3, 1.0, 0.9751088985687617, 0.9873976055450536, True,     False, True, True, False
10, 3, 0.758576874205845, 0.9121466768525592, 0.8283038501560874, True,     True, False, False, False
10, 3, 0.9965706447187929, 0.905860349127182, 0.9490529065969954, True,     True, False, False, True
10, 3, 0.9867724867724867, 0.9383647798742139, 0.961960025789813, True,     True, False, True, False
10, 3, 0.9798251513113652, 0.9239061509194674, 0.9510443864229766, True,     True, True, False, False
10, 4, 0.996551724137931, 0.9467649467649467, 0.9710205795884082, True,     False, False, False, True
10, 4, 0.9991575400168492, 0.9689542483660131, 0.9838241393612609, True,     False, False, True, False
10, 4, 1.0, 0.9289795918367347, 0.9631823952602624, True,     False, False, True, True
10, 4, 0.9720164609053498, 0.9849874895746455, 0.9784589892294945, True,     False, True, False, False
10, 4, 1.0, 0.9379591836734694, 0.9679865206402696, True,     False, True, False, True
10, 4, 0.9991539763113367, 0.9648692810457516, 0.9817123857024107, True,     False, True, True, False
10, 4, 0.7864978902953587, 0.9057337220602527, 0.8419150858175249, True,     True, False, False, False
10, 4, 1.0, 0.8808163265306123, 0.9366319444444445, True,     True, False, False, True
10, 4, 0.9918256130790191, 0.8980263157894737, 0.9425981873111782, True,     True, False, True, False
10, 4, 0.9927338782924614, 0.8981101068200493, 0.9430543572044867, True,     True, True, False, False
10, 5, 0.991304347826087, 0.9421487603305785, 0.9661016949152543, True,     False, False, False, True
10, 5, 1.0, 0.8429752066115702, 0.914798206278027, True,     False, False, True, False
10, 5, 1.0, 0.8099173553719008, 0.8949771689497716, True,     False, False, True, True
10, 5, 0.9666666666666667, 0.9747899159663865, 0.9707112970711297, True,     False, True, False, False
10, 5, 1.0, 0.9338842975206612, 0.9658119658119658, True,     False, True, False, True
10, 5, 1.0, 0.8264462809917356, 0.904977375565611, True,     False, True, True, False
10, 5, 0.35526315789473684, 0.782608695652174, 0.48868778280542985, True,     True, False, False, False
10, 5, 1.0, 0.7024793388429752, 0.8252427184466019, True,     True, False, False, True
10, 5, 1.0, 0.6115702479338843, 0.7589743589743589, True,     True, False, True, False
10, 5, 1.0, 0.7024793388429752, 0.8252427184466019, True,     True, True, False, False



simulazione_3

raggio 50
1, 1, 0.9967969250480462, 0.9879365079365079, 0.9923469387755103, True,     False, False, False, True
1, 1, 0.9867197875166003, 0.9513444302176697, 0.9687092568448501, True,     False, False, True, False
1, 1, 0.999330207635633, 0.9455006337135615, 0.9716704656463694, True,     False, False, True, True
1, 1, 0.9796696315120712, 0.9929169349645847, 0.9862488007675088, True,     False, True, False, False
1, 1, 0.9980719794344473, 0.9854060913705583, 0.991698595146871, True,     False, True, False, True
1, 1, 0.9966599866399466, 0.9479034307496823, 0.9716704656463693, True,     False, True, True, False
1, 1, 0.9032051282051282, 0.9657299520219328, 0.9334216628022524, True,     True, False, False, False
1, 1, 0.9987171263630532, 0.9873176918199112, 0.992984693877551, True,     True, False, False, True
1, 1, 0.9900066622251832, 0.9501278772378516, 0.9696574225122349, True,     True, False, True, False
1, 1, 0.9904214559386973, 0.9897894065092534, 0.990105330354293, True,     True, True, False, False
1, 2, 0.9976780185758514, 0.9884969325153374, 0.9930662557781201, True,     False, False, False, True
1, 2, 0.9886363636363636, 0.9398148148148148, 0.9636075949367089, True,     False, False, True, False
1, 2, 0.9991783073130649, 0.9310872894333844, 0.9639318271898534, True,     False, False, True, True
1, 2, 0.9845797995373939, 0.9899224806201551, 0.9872439118670275, True,     False, True, False, False
1, 2, 0.9992242048099301, 0.9862174578866769, 0.9926782273603083, True,     False, True, False, True
1, 2, 0.9975369458128078, 0.9310344827586207, 0.9631391200951249, True,     False, True, True, False
1, 2, 0.8869969040247678, 0.9606035205364627, 0.9223340040241449, True,     True, False, False, False
1, 2, 0.9992242048099301, 0.9862174578866769, 0.9926782273603083, True,     True, False, False, True
1, 2, 0.9910130718954249, 0.9352351580570547, 0.9623165410551369, True,     True, False, True, False
1, 2, 0.9945987654320988, 0.9907763259031515, 0.9926838659992298, True,     True, True, False, False
1, 3, 0.9947472094550229, 0.976159793814433, 0.9853658536585366, True,     False, False, False, True
1, 3, 0.990112063282795, 0.9702842377260982, 0.9800978792822186, True,     False, False, True, False
1, 3, 0.9993297587131368, 0.9569961489088575, 0.9777049180327869, True,     False, False, True, True
1, 3, 0.9916129032258064, 0.9928940568475452, 0.9922530664945126, True,     False, True, False, False
1, 3, 0.9973684210526316, 0.97491961414791, 0.9860162601626017, True,     False, True, False, True
1, 3, 0.998019801980198, 0.9710982658959537, 0.984375, True,     False, True, True, False
1, 3, 0.8110032362459547, 0.9406906906906907, 0.8710462287104622, True,     True, False, False, False
1, 3, 0.9954068241469817, 0.9768190598840953, 0.9860253493662658, True,     True, False, False, True
1, 3, 0.9914134742404227, 0.9690122659780503, 0.9800848841005549, True,     True, False, True, False
1, 3, 0.9928848641655886, 0.9909619109102646, 0.9919224555735056, True,     True, True, False, False
1, 4, 0.997080291970803, 0.9920116194625999, 0.9945394976337824, True,     False, False, False, True
1, 4, 0.9930928626247122, 0.9417758369723436, 0.9667538289129624, True,     False, False, True, False
1, 4, 1.0, 0.941346850108617, 0.969787392763894, True,     False, False, True, True
1, 4, 0.9897810218978103, 0.9905040175310446, 0.9901423877327493, True,     False, True, False, False
1, 4, 0.9985358711566618, 0.9891225525743292, 0.9938069216757742, True,     False, True, False, True
1, 4, 0.9992307692307693, 0.941304347826087, 0.9694029850746267, True,     False, True, True, False
1, 4, 0.8632668144863267, 0.9434571890145396, 0.9015824006175222, True,     True, False, False, False
1, 4, 0.9970674486803519, 0.9876543209876543, 0.9923385625684057, True,     True, False, False, True
1, 4, 0.9984650805832693, 0.943437273386512, 0.9701715137956748, True,     True, False, True, False
1, 4, 0.9941477688368691, 0.9890829694323144, 0.9916089018606348, True,     True, True, False, False
1, 5, 1.0, 0.9904761904761905, 0.9952153110047847, True,     False, False, False, True
1, 5, 0.9873417721518988, 0.75, 0.8524590163934427, True,     False, False, True, False
1, 5, 1.0, 0.7523809523809524, 0.8586956521739131, True,     False, False, True, True
1, 5, 0.9622641509433962, 0.9902912621359223, 0.9760765550239234, True,     False, True, False, False
1, 5, 1.0, 0.9904761904761905, 0.9952153110047847, True,     False, True, False, True
1, 5, 1.0, 0.7523809523809524, 0.8586956521739131, True,     False, True, True, False
1, 5, 0.38064516129032255, 0.7763157894736842, 0.5108225108225107, True,     True, False, False, False
1, 5, 1.0, 0.9523809523809523, 0.975609756097561, True,     True, False, False, True
1, 5, 0.9871794871794872, 0.7403846153846154, 0.8461538461538463, True,     True, False, True, False
1, 5, 0.9900990099009901, 0.9523809523809523, 0.970873786407767, True,     True, True, False, False

10, 1, 0.9961290322580645, 0.965, 0.9803174603174604, True,     False, False, False, True
10, 1, 0.9955300127713921, 0.9755944931163955, 0.9854614412136535, True,     False, False, True, False
10, 1, 1.0, 0.9545171339563863, 0.9767293592604399, True,     False, False, True, True
10, 1, 0.9517845961177207, 0.9850939727802981, 0.9681528662420382, True,     False, True, False, False
10, 1, 1.0, 0.957632398753894, 0.9783577339274346, True,     False, True, False, True
10, 1, 0.9955185659411011, 0.9730913642052565, 0.9841772151898734, True,     False, True, True, False
10, 1, 0.8398411647915288, 0.8987252124645893, 0.8682860075265139, True,     True, False, False, False
10, 1, 0.99860529986053, 0.8927680798004988, 0.9427254772876893, True,     True, False, False, True
10, 1, 0.9924190213645762, 0.903387703889586, 0.9458128078817735, True,     True, False, True, False
10, 1, 0.9855570839064649, 0.9029615626969124, 0.9424531404143374, True,     True, True, False, False
10, 2, 0.993574297188755, 0.9406844106463879, 0.9664062500000001, True,     False, False, False, True
10, 2, 0.9976525821596244, 0.9666413949962093, 0.9819021948402001, True,     False, False, True, False
10, 2, 1.0, 0.9258698940998488, 0.9615082482325216, True,     False, False, True, True
10, 2, 0.9517241379310345, 0.9802683504340963, 0.9657853810264386, True,     False, True, False, False
10, 2, 1.0, 0.9319213313161876, 0.9647611589663273, True,     False, True, False, True
10, 2, 0.9984189723320158, 0.9568181818181818, 0.9771760154738879, True,     False, True, True, False
10, 2, 0.8160642570281125, 0.8927943760984183, 0.8527066722618548, True,     True, False, False, False
10, 2, 0.9991235758106923, 0.8629825889477668, 0.926076360682372, True,     True, False, False, True
10, 2, 0.9931389365351629, 0.8812785388127854, 0.9338709677419355, True,     True, False, True, False
10, 2, 0.9846678023850085, 0.8844682478959449, 0.931882305521967, True,     True, True, False, False
10, 3, 0.9949335022165928, 0.9573430834856794, 0.9757763975155279, True,     False, False, False, True
10, 3, 0.9956709956709957, 0.9817073170731707, 0.9886398526251152, True,     False, False, True, False
10, 3, 1.0, 0.9520340012143291, 0.9754276827371695, True,     False, False, True, True
10, 3, 0.9687116564417177, 0.9881101376720901, 0.9783147459727386, True,     False, True, False, False
10, 3, 1.0, 0.9538554948391014, 0.9763828464885022, True,     False, True, False, True
10, 3, 0.9987593052109182, 0.9787234042553191, 0.9886398526251151, True,     False, True, True, False
10, 3, 0.7407178217821783, 0.9061317183951552, 0.8151174668028601, True,     True, False, False, False
10, 3, 0.9959349593495935, 0.8947048082775411, 0.9426098108368067, True,     True, False, False, True
10, 3, 0.9888816219751472, 0.927038626609442, 0.9569620253164557, True,     True, False, True, False
10, 3, 0.988, 0.90920245398773, 0.9469648562300318, True,     True, True, False, False
10, 4, 0.9954716981132076, 0.9557971014492753, 0.9752310536044363, True,     False, False, False, True
10, 4, 0.994060876020787, 0.9702898550724638, 0.982031536486982, True,     False, False, True, False
10, 4, 1.0, 0.943001443001443, 0.9706646862235425, True,     False, False, True, True
10, 4, 0.9452554744525548, 0.9803179409538229, 0.9624674842066145, True,     False, True, False, False
10, 4, 1.0, 0.9473304473304474, 0.9729529455353835, True,     False, True, False, True
10, 4, 0.9977611940298508, 0.9667389732465654, 0.9820051413881747, True,     False, True, True, False
10, 4, 0.7904689863842662, 0.8893617021276595, 0.8370044052863436, True,     True, False, False, False
10, 4, 0.9975550122249389, 0.884393063583815, 0.9375718115664495, True,     True, False, False, True
10, 4, 0.9903923138510808, 0.8989825581395349, 0.9424761904761905, True,     True, False, True, False
10, 4, 0.9840255591054313, 0.9012435991221653, 0.9408171057655594, True,     True, True, False, False
10, 5, 0.99, 0.9252336448598131, 0.9565217391304348, True,     False, False, False, True
10, 5, 1.0, 0.8411214953271028, 0.9137055837563453, True,     False, False, True, False
10, 5, 1.0, 0.794392523364486, 0.8854166666666666, True,     False, False, True, True
10, 5, 0.9532710280373832, 0.9807692307692307, 0.966824644549763, True,     False, True, False, False
10, 5, 1.0, 0.9252336448598131, 0.9611650485436893, True,     False, True, False, True
10, 5, 1.0, 0.8317757009345794, 0.9081632653061225, True,     False, True, True, False
10, 5, 0.3381294964028777, 0.618421052631579, 0.4372093023255814, True,     True, False, False, False
10, 5, 1.0, 0.616822429906542, 0.7630057803468209, True,     True, False, False, True
10, 5, 1.0, 0.5887850467289719, 0.7411764705882352, True,     True, False, True, False
10, 5, 0.9705882352941176, 0.616822429906542, 0.7542857142857143, True,     True, True, False, False



simulazione_4

raggio 50
1, 1, 0.997427652733119, 0.9916879795396419, 0.9945495351074063, True,     False, False, False, True
1, 1, 0.993364299933643, 0.9596153846153846, 0.9761982393218128, True,     False, False, True, False
1, 1, 0.9993324432576769, 0.9553286534779835, 0.9768352365415987, True,     False, False, True, True
1, 1, 0.9807692307692307, 0.9928617780661908, 0.9867784585617543, True,     False, True, False, False
1, 1, 0.9993564993564994, 0.9910657306955967, 0.9951938481256007, True,     False, True, False, True
1, 1, 0.9979959919839679, 0.954632587859425, 0.9758327890267798, True,     False, True, True, False
1, 1, 0.9426546391752577, 0.9727393617021277, 0.9574607329842932, True,     True, False, False, False
1, 1, 0.9980682549903412, 0.9904153354632588, 0.9942270686337396, True,     True, False, False, True
1, 1, 0.9933377748167888, 0.9557692307692308, 0.9741914407056517, True,     True, False, True, False
1, 1, 0.9922928709055877, 0.9922928709055877, 0.9922928709055877, True,     True, True, False, False
1, 2, 0.9975961538461539, 0.9936153232242618, 0.9956017592962815, True,     False, False, False, True
1, 2, 0.9849372384937238, 0.9476650563607085, 0.9659417316372589, True,     False, False, True, False
1, 2, 0.9991624790619765, 0.950597609561753, 0.9742752143732134, True,     False, False, True, True
1, 2, 0.9856, 0.9935483870967742, 0.989558232931727, True,     False, True, False, False
1, 2, 0.9991993594875901, 0.9944223107569721, 0.9968051118210862, True,     False, True, False, True
1, 2, 0.99748322147651, 0.9489225857940942, 0.972597137014315, True,     False, True, True, False
1, 2, 0.9417946645109135, 0.9692179700499168, 0.955309553095531, True,     True, False, False, False
1, 2, 0.9975961538461539, 0.9936153232242618, 0.9956017592962815, True,     True, False, False, True
1, 2, 0.9941373534338358, 0.9488409272581935, 0.970961145194274, True,     True, False, True, False
1, 2, 0.9959967974379503, 0.9936102236421726, 0.9948020791683326, True,     True, True, False, False
1, 3, 0.9901515151515151, 0.9827067669172932, 0.9864150943396226, True,     False, False, False, True
1, 3, 0.9861431870669746, 0.9675226586102719, 0.9767441860465116, True,     False, False, True, False
1, 3, 0.9969088098918083, 0.9648466716529543, 0.9806157354618016, True,     False, False, True, True
1, 3, 0.974512743628186, 0.989345509893455, 0.9818731117824774, True,     False, True, False, False
1, 3, 0.9946969696969697, 0.9835205992509364, 0.9890772128060265, True,     False, True, False, True
1, 3, 0.9976923076923077, 0.9693572496263079, 0.9833206974981046, True,     False, True, True, False
1, 3, 0.8334589299171062, 0.9436860068259386, 0.8851540616246499, True,     True, False, False, False
1, 3, 0.9909021986353298, 0.9827067669172932, 0.9867874669686674, True,     True, False, False, True
1, 3, 0.9846035411855273, 0.9674735249621785, 0.9759633727584891, True,     True, False, True, False
1, 3, 0.9894657637321295, 0.990210843373494, 0.989838163342115, True,     True, True, False, False
1, 4, 0.9969301611665388, 0.9946401225114855, 0.9957838252203909, True,     False, False, False, True
1, 4, 0.9912, 0.953076923076923, 0.971764705882353, True,     False, False, True, False
1, 4, 0.9991974317817014, 0.9518348623853211, 0.9749412685982773, True,     False, False, True, True
1, 4, 0.9853846153846154, 0.9914860681114551, 0.9884259259259259, True,     False, True, False, False
1, 4, 0.9984639016897081, 0.9946442234123948, 0.9965504024530472, True,     False, True, False, True
1, 4, 0.9967871485943776, 0.9509578544061302, 0.9733333333333334, True,     False, True, True, False
1, 4, 0.8925556408288565, 0.9643449419568823, 0.9270625747309685, True,     True, False, False, False
1, 4, 0.9976905311778291, 0.9923430321592649, 0.9950095969289827, True,     True, False, False, True
1, 4, 0.9935846030473136, 0.9508825786646201, 0.971764705882353, True,     True, False, True, False
1, 4, 0.9891891891891892, 0.9869029275808937, 0.9880447358272272, True,     True, True, False, False
1, 5, 0.9883720930232558, 0.9770114942528736, 0.9826589595375722, True,     False, False, False, True
1, 5, 0.9565217391304348, 0.7586206896551724, 0.8461538461538461, True,     False, False, True, False
1, 5, 0.9848484848484849, 0.7471264367816092, 0.8496732026143791, True,     False, False, True, True
1, 5, 0.9318181818181818, 0.9879518072289156, 0.9590643274853801, True,     False, True, False, False
1, 5, 0.9883720930232558, 0.9770114942528736, 0.9826589595375722, True,     False, True, False, True
1, 5, 0.9696969696969697, 0.735632183908046, 0.8366013071895425, True,     False, True, True, False
1, 5, 0.4434782608695652, 0.7727272727272727, 0.56353591160221, True,     True, False, False, False
1, 5, 0.9880952380952381, 0.9540229885057471, 0.9707602339181286, True,     True, False, False, True
1, 5, 0.9558823529411765, 0.7558139534883721, 0.8441558441558441, True,     True, False, True, False
1, 5, 0.9764705882352941, 0.9540229885057471, 0.9651162790697674, True,     True, True, False, False

10, 1, 0.998015873015873, 0.9605346912794398, 0.9789166396367174, True,     False, False, False, True
10, 1, 0.9941022280471822, 0.9687100893997446, 0.98124191461837, True,     False, False, True, False
10, 1, 1.0, 0.9479034307496823, 0.9732550554468362, True,     False, False, True, True
10, 1, 0.9723472668810289, 0.9837345478204295, 0.9780077619663649, True,     False, True, False, False
10, 1, 1.0, 0.951715374841169, 0.9752604166666667, True,     False, True, False, True
10, 1, 0.997364953886693, 0.9643312101910828, 0.9805699481865285, True,     False, True, True, False
10, 1, 0.8658777120315582, 0.9242105263157895, 0.8940936863543788, True,     True, False, False, False
10, 1, 0.9979181124219292, 0.9153405474220242, 0.9548472775564409, True,     True, False, False, True
10, 1, 0.9924085576259489, 0.9200255918106206, 0.9548472775564409, True,     True, False, True, False
10, 1, 0.9897119341563786, 0.925, 0.9562624254473161, True,     True, True, False, False
10, 2, 0.9958228905597326, 0.9415481832543444, 0.9679252943564758, True,     False, False, False, True
10, 2, 0.9934959349593496, 0.9675376088677752, 0.9803449659045328, True,     False, False, True, False
10, 2, 1.0, 0.9322834645669291, 0.9649551752241239, True,     False, False, True, True
10, 2, 0.9633757961783439, 0.981346309813463, 0.9722780233025311, True,     False, True, False, False
10, 2, 1.0, 0.9354330708661417, 0.966639544344996, True,     False, True, False, True
10, 2, 0.9975589910496339, 0.9676400947119179, 0.9823717948717948, True,     False, True, True, False
10, 2, 0.8354943273905997, 0.9156305506216696, 0.8737288135593221, True,     True, False, False, False
10, 2, 0.9964664310954063, 0.8909952606635071, 0.9407839866555463, True,     True, False, False, True
10, 2, 0.9931448157669237, 0.9176563737133808, 0.9539094650205762, True,     True, False, True, False
10, 2, 0.986336464560205, 0.9210526315789473, 0.9525773195876288, True,     True, True, False, False
10, 3, 0.9925205684367988, 0.9539899352983465, 0.9728739002932552, True,     False, False, False, True
10, 3, 1.0, 0.9764285714285714, 0.9880737260571015, True,     False, False, True, False
10, 3, 1.0, 0.9471428571428572, 0.9728539985326486, True,     False, False, True, True
10, 3, 0.9639769452449568, 0.9867256637168141, 0.9752186588921283, True,     False, True, False, False
10, 3, 1.0, 0.9521428571428572, 0.9754848152213684, True,     False, True, False, True
10, 3, 0.9985272459499264, 0.9699570815450643, 0.9840348330914368, True,     False, True, True, False
10, 3, 0.7541337167505392, 0.9129677980852916, 0.825984251968504, True,     True, False, False, False
10, 3, 0.9921073401736386, 0.9043165467625899, 0.9461799021452766, True,     True, False, False, True
10, 3, 0.9924184988627748, 0.9410496046010065, 0.9660516605166052, True,     True, False, True, False
10, 3, 0.9708588957055214, 0.9274725274725275, 0.9486699138254028, True,     True, True, False, False
10, 4, 0.9976284584980237, 0.9460269865067467, 0.9711427472104656, True,     False, False, False, True
10, 4, 0.9922600619195047, 0.9660889223813113, 0.9789996181748759, True,     False, False, True, False
10, 4, 1.0, 0.9326851159311892, 0.9651702786377708, True,     False, False, True, True
10, 4, 0.9727272727272728, 0.9831546707503829, 0.9779131759329779, True,     False, True, False, False
10, 4, 1.0, 0.9401645474943904, 0.9691595990747879, True,     False, True, False, True
10, 4, 0.9992236024844721, 0.9626028421839941, 0.9805714285714286, True,     False, True, True, False
10, 4, 0.8569230769230769, 0.9214226633581473, 0.8880031885213232, True,     True, False, False, False
10, 4, 0.9991742361684558, 0.905688622754491, 0.950137416568512, True,     True, False, False, True
10, 4, 0.9910858995137763, 0.921627731725697, 0.9550956657555643, True,     True, False, True, False
10, 4, 0.9806918744971842, 0.9255884586180714, 0.9523437499999999, True,     True, True, False, False
10, 5, 1.0, 0.9259259259259259, 0.9615384615384615, True,     False, False, False, True
10, 5, 1.0, 0.8518518518518519, 0.92, True,     False, False, True, False
10, 5, 1.0, 0.8395061728395061, 0.912751677852349, True,     False, False, True, True
10, 5, 0.9285714285714286, 0.9873417721518988, 0.9570552147239264, True,     False, True, False, False
10, 5, 1.0, 0.9012345679012346, 0.948051948051948, True,     False, True, False, True
10, 5, 1.0, 0.8271604938271605, 0.9054054054054054, True,     False, True, True, False
10, 5, 0.38392857142857145, 0.6825396825396826, 0.4914285714285715, True,     True, False, False, False
10, 5, 1.0, 0.7407407407407407, 0.851063829787234, True,     True, False, False, True
10, 5, 1.0, 0.7407407407407407, 0.851063829787234, True,     True, False, True, False
10, 5, 1.0, 0.7283950617283951, 0.8428571428571429, True,     True, True, False, False





simulazione_5

raggio 50
1, 1, 0.9962453066332916, 0.9888198757763975, 0.9925187032418952, True,     False, False, False, True
1, 1, 0.9889322916666666, 0.9475982532751092, 0.9678241478177764, True,     False, False, True, False
1, 1, 1.0, 0.9381188118811881, 0.9680715197956576, True,     False, False, True, True
1, 1, 0.9819539514623522, 0.9918290383406663, 0.9868667917448405, True,     False, True, False, False
1, 1, 1.0, 0.9863861386138614, 0.9931464174454829, True,     False, True, False, True
1, 1, 0.9973770491803279, 0.9435483870967742, 0.9697162894485178, True,     False, True, True, False
1, 1, 0.9376966645689113, 0.9725848563968669, 0.9548221723806473, True,     True, False, False, False
1, 1, 0.9968612680477087, 0.9857231533209186, 0.9912609238451935, True,     True, False, False, True
1, 1, 0.9941176470588236, 0.9453076444996893, 0.96909843899331, True,     True, False, True, False
1, 1, 0.9993753903810119, 0.9907120743034056, 0.9950248756218905, True,     True, True, False, False
1, 2, 0.9977151561309977, 0.9834834834834835, 0.9905482041587902, True,     False, False, False, True
1, 2, 0.9798387096774194, 0.9260670731707317, 0.9521943573667712, True,     False, False, True, False
1, 2, 0.9991876523151909, 0.9234234234234234, 0.9598127194693719, True,     False, False, True, True
1, 2, 0.9833333333333333, 0.9870722433460076, 0.9851992409867173, True,     False, True, False, False
1, 2, 1.0, 0.9849962490622656, 0.9924414210128495, True,     False, True, False, True
1, 2, 0.9983805668016195, 0.9263711495116453, 0.961028838659392, True,     False, True, True, False
1, 2, 0.9297173414820473, 0.9674085850556439, 0.9481885469419556, True,     True, False, False, False
1, 2, 0.9984744469870328, 0.9827327327327328, 0.9905410518350358, True,     True, False, False, True
1, 2, 0.9853896103896104, 0.921092564491654, 0.952156862745098, True,     True, False, True, False
1, 2, 0.9977272727272727, 0.9902255639097745, 0.9939622641509434, True,     True, True, False, False
1, 3, 0.996553704767375, 0.9785673998871969, 0.987478656801366, True,     False, False, False, True
1, 3, 0.9862068965517241, 0.9766647694934547, 0.9814126394052045, True,     False, False, True, False
1, 3, 0.9994182664339732, 0.9667979741136747, 0.982837528604119, True,     False, False, True, True
1, 3, 0.9813031161473088, 0.9902801600914809, 0.9857712009106432, True,     False, True, False, False
1, 3, 0.9994249568717654, 0.9780528981429375, 0.9886234357224117, True,     False, True, False, True
1, 3, 0.9982788296041308, 0.9791783905458639, 0.9886363636363636, True,     False, True, True, False
1, 3, 0.8466819221967964, 0.9585492227979274, 0.8991494532199271, True,     True, False, False, False
1, 3, 0.9959723820483314, 0.9768623024830699, 0.9863247863247863, True,     True, False, False, True
1, 3, 0.9896432681242808, 0.97671777399205, 0.98313803943984, True,     True, False, True, False
1, 3, 0.9886813808715337, 0.9926136363636363, 0.9906436064644174, True,     True, True, False, False
1, 4, 0.9970951343500363, 0.989193083573487, 0.993128390596745, True,     False, False, False, True
1, 4, 0.9847560975609756, 0.9410050983248361, 0.9623836126629423, True,     False, False, True, False
1, 4, 0.9976993865030674, 0.9366450683945284, 0.9662086891942072, True,     False, False, True, True
1, 4, 0.9826086956521739, 0.9883381924198251, 0.9854651162790697, True,     False, True, False, False
1, 4, 0.9992706053975201, 0.9849029475197699, 0.9920347574221579, True,     False, True, False, True
1, 4, 0.996186117467582, 0.9402447804175667, 0.9674074074074075, True,     False, True, True, False
1, 4, 0.8689248895434463, 0.9477911646586346, 0.9066461774875144, True,     True, False, False, False
1, 4, 0.9970781592403214, 0.9834293948126801, 0.9902067464635473, True,     True, False, False, True
1, 4, 0.9869631901840491, 0.934640522875817, 0.9600895188362552, True,     True, False, True, False
1, 4, 0.9934593023255814, 0.9877167630057804, 0.9905797101449276, True,     True, True, False, False
1, 5, 1.0, 0.9655172413793104, 0.9824561403508771, True,     False, False, False, True
1, 5, 0.9349593495934959, 0.6764705882352942, 0.7849829351535836, True,     False, False, True, False
1, 5, 1.0, 0.6551724137931034, 0.7916666666666666, True,     False, False, True, True
1, 5, 0.9767441860465116, 0.9824561403508771, 0.9795918367346939, True,     False, True, False, False
1, 5, 1.0, 0.9597701149425287, 0.9794721407624634, True,     False, True, False, True
1, 5, 1.0, 0.6551724137931034, 0.7916666666666666, True,     False, True, True, False
1, 5, 0.5754189944134078, 0.762962962962963, 0.6560509554140128, True,     True, False, False, False
1, 5, 1.0, 0.9540229885057471, 0.976470588235294, True,     True, False, False, True
1, 5, 0.9745762711864406, 0.6686046511627907, 0.793103448275862, True,     True, False, True, False
1, 5, 0.9821428571428571, 0.9649122807017544, 0.9734513274336283, True,     True, True, False, False

10, 1, 0.9955696202531645, 0.9585618525289458, 0.9767153058056505, True,     False, False, False, True
10, 1, 0.9956140350877193, 0.9677222898903776, 0.9814700432365657, True,     False, False, True, False
10, 1, 1.0, 0.941747572815534, 0.97, True,     False, False, True, True
10, 1, 0.96875, 0.9868913857677902, 0.9777365491651206, True,     False, True, False, False
10, 1, 0.9993630573248408, 0.9526411657559198, 0.9754429592788313, True,     False, True, False, True
10, 1, 0.9993698802772527, 0.9629629629629629, 0.9808286951144094, True,     False, True, True, False
10, 1, 0.8593252705283259, 0.9196185286103542, 0.8884501480750246, True,     True, False, False, False
10, 1, 0.9966599866399466, 0.9080949482653682, 0.9503184713375796, True,     True, False, False, True
10, 1, 0.9953886693017128, 0.9207800121876905, 0.9566318455207344, True,     True, False, True, False
10, 1, 0.9915419648666233, 0.9315403422982885, 0.9606051055783171, True,     True, True, False, False
10, 2, 0.9954337899543378, 0.9410071942446043, 0.9674556213017752, True,     False, False, False, True
10, 2, 0.9962574850299402, 0.9561781609195402, 0.9758064516129031, True,     False, False, True, False
10, 2, 1.0, 0.919054441260745, 0.9578200821201942, True,     False, False, True, True
10, 2, 0.9624277456647399, 0.9866666666666667, 0.9743964886613022, True,     False, True, False, False
10, 2, 0.9992360580595875, 0.9376344086021505, 0.9674556213017752, True,     False, True, False, True
10, 2, 0.9977443609022556, 0.9519368723098995, 0.974302496328928, True,     False, True, True, False
10, 2, 0.8225437928408226, 0.8962655601659751, 0.857823669579031, True,     True, False, False, False
10, 2, 0.9967637540453075, 0.8850574712643678, 0.9375951293759512, True,     True, False, False, True
10, 2, 0.995249406175772, 0.903666427030913, 0.9472494348153729, True,     True, False, True, False
10, 2, 0.9898358092259578, 0.9154013015184381, 0.9511645379413974, True,     True, True, False, False
10, 3, 0.9955282280603689, 0.9595905172413793, 0.9772290809327846, True,     False, False, False, True
10, 3, 0.9955947136563876, 0.9741379310344828, 0.9847494553376905, True,     False, False, True, False
10, 3, 1.0, 0.950107296137339, 0.9744154057771663, True,     False, False, True, True
10, 3, 0.9653679653679653, 0.9872717210846708, 0.9761969904240766, True,     False, True, False, False
10, 3, 1.0, 0.9549356223175965, 0.9769484083424809, True,     False, True, False, True
10, 3, 0.9988956377691883, 0.9715359828141783, 0.9850258644160088, True,     False, True, True, False
10, 3, 0.7895316804407714, 0.922730199613651, 0.8509501187648455, True,     True, False, False, False
10, 3, 0.9976689976689976, 0.9204301075268817, 0.9574944071588367, True,     True, False, False, True
10, 3, 0.994895065229722, 0.9455525606469003, 0.9695964621337755, True,     True, False, True, False
10, 3, 0.9884925201380897, 0.9311653116531166, 0.958972927714206, True,     True, True, False, False
10, 4, 0.9984871406959153, 0.9381663113006397, 0.9673873213631367, True,     False, False, False, True
10, 4, 0.9948415622697127, 0.962223806129722, 0.9782608695652174, True,     False, False, True, False
10, 4, 1.0, 0.9226401703335699, 0.9597637504614249, True,     False, False, True, True
10, 4, 0.9669540229885057, 0.9817651349380014, 0.9743032935215347, True,     False, True, False, False
10, 4, 1.0, 0.9347054648687012, 0.9662509170946442, True,     False, True, False, True
10, 4, 0.9985196150999259, 0.9580965909090909, 0.977890540050743, True,     False, True, True, False
10, 4, 0.8131949592290586, 0.9051155115511551, 0.8566966028894963, True,     True, False, False, False
10, 4, 0.9984101748807631, 0.892679459843639, 0.9425891181988744, True,     True, False, False, True
10, 4, 0.9868421052631579, 0.913323782234957, 0.9486607142857143, True,     True, False, True, False
10, 4, 0.9892058596761758, 0.9197132616487456, 0.9531946508172364, True,     True, True, False, False
10, 5, 0.9872611464968153, 0.8857142857142857, 0.9337349397590361, True,     False, False, False, True
10, 5, 1.0, 0.8863636363636364, 0.9397590361445783, True,     False, False, True, False
10, 5, 1.0, 0.8295454545454546, 0.906832298136646, True,     False, False, True, True
10, 5, 0.96, 0.9767441860465116, 0.9682997118155618, True,     False, True, False, False
10, 5, 1.0, 0.8920454545454546, 0.942942942942943, True,     False, True, False, True
10, 5, 1.0, 0.8806818181818182, 0.9365558912386707, True,     False, True, True, False
10, 5, 0.5521472392638037, 0.6338028169014085, 0.5901639344262296, True,     True, False, False, False
10, 5, 0.9918032786885246, 0.6914285714285714, 0.8148148148148148, True,     True, False, False, True
10, 5, 1.0, 0.6818181818181818, 0.8108108108108109, True,     True, False, True, False
10, 5, 0.984375, 0.7241379310344828, 0.8344370860927153, True,     True, True, False, False
